Symbol,Company,Sector,Founded
MMM,3M,Industrial Conglomerates,"Saint Paul, Minnesota"
AOS,A. O. Smith,Building Products,"Milwaukee, Wisconsin"
ABT,Abbott Laboratories,Health Care Equipment,"North Chicago, Illinois"
ABBV,AbbVie,Biotechnology,"North Chicago, Illinois"
ACN,Accenture,IT Consulting & Other Services,"Dublin, Ireland"
ADBE,Adobe Inc.,Application Software,"San Jose, California"
AMD,Advanced Micro Devices,Semiconductors,"Santa Clara, California"
AES,AES Corporation,Independent Power Producers & Energy Traders,"Arlington, Virginia"
AFL,Aflac,Life & Health Insurance,"Columbus, Georgia"
A,Agilent Technologies,Life Sciences Tools & Services,"Santa Clara, California"
APD,Air Products,Industrial Gases,"Upper Macungie Township, Pennsylvania"
ABNB,Airbnb,"Hotels, Resorts & Cruise Lines","San Francisco, California"
AKAM,Akamai Technologies,Internet Services & Infrastructure,"Cambridge, Massachusetts"
ALB,Albemarle Corporation,Specialty Chemicals,"Charlotte, North Carolina"
ARE,Alexandria Real Estate Equities,Office REITs,"Pasadena, California"
ALGN,Align Technology,Health Care Supplies,"Tempe, Arizona"
ALLE,Allegion,Building Products,"Dublin, Ireland"
LNT,Alliant Energy,Electric Utilities,"Madison, Wisconsin"
ALL,Allstate,Property & Casualty Insurance,"Northbrook, Illinois"
GOOGL,Alphabet Inc. (Class A),Interactive Media & Services,"Mountain View, California"
GOOG,Alphabet Inc. (Class C),Interactive Media & Services,"Mountain View, California"
MO,Altria,Tobacco,"Richmond, Virginia"
AMZN,Amazon,Broadline Retail,"Seattle, Washington"
AMCR,Amcor,Paper & Plastic Packaging Products & Materials,"Warmley, Bristol, United Kingdom"
AEE,Ameren,Multi-Utilities,"St. Louis, Missouri"
AEP,American Electric Power,Electric Utilities,"Columbus, Ohio"
AXP,American Express,Consumer Finance,"New York City, New York"
AIG,American International Group,Multi-line Insurance,"New York City, New York"
AMT,American Tower,Telecom Tower REITs,"Boston, Massachusetts"
AWK,American Water Works,Water Utilities,"Camden, New Jersey"
AMP,Ameriprise Financial,Asset Management & Custody Banks,"Minneapolis, Minnesota"
AME,Ametek,Electrical Components & Equipment,"Berwyn, Pennsylvania"
AMGN,Amgen,Biotechnology,"Thousand Oaks, California"
APH,Amphenol,Electronic Components,"Wallingford, Connecticut"
ADI,Analog Devices,Semiconductors,"Wilmington, Massachusetts"
ANSS,Ansys,Application Software,"Canonsburg, Pennsylvania"
AON,Aon plc,Insurance Brokers,"London, United Kingdom"
APA,APA Corporation,Oil & Gas Exploration & Production,"Houston, Texas"
APO,Apollo Global Management,Asset Management & Custody Banks,"New York City, New York"
AAPL,Apple Inc.,"Technology Hardware, Storage & Peripherals","Cupertino, California"
AMAT,Applied Materials,Semiconductor Materials & Equipment,"Santa Clara, California"
APTV,Aptiv,Automotive Parts & Equipment,"Dublin, Ireland"
ACGL,Arch Capital Group,Property & Casualty Insurance,"Hamilton, Bermuda"
ADM,Archer Daniels Midland,Agricultural Products & Services,"Chicago, Illinois"
ANET,Arista Networks,Communications Equipment,"Santa Clara, California"
AJG,Arthur J. Gallagher & Co.,Insurance Brokers,"Rolling Meadows, Illinois"
AIZ,Assurant,Multi-line Insurance,"Atlanta, Georgia"
T,AT&T,Integrated Telecommunication Services,"Dallas, Texas"
ATO,Atmos Energy,Gas Utilities,"Dallas, Texas"
ADSK,Autodesk,Application Software,"San Francisco, California"
ADP,Automatic Data Processing,Human Resource & Employment Services,"Roseland, New Jersey"
AZO,AutoZone,Automotive Retail,"Memphis, Tennessee"
AVB,AvalonBay Communities,Multi-Family Residential REITs,"Arlington, Virginia"
AVY,Avery Dennison,Paper & Plastic Packaging Products & Materials,"Mentor, Ohio"
AXON,Axon Enterprise,Aerospace & Defense,"Scottsdale, Arizona"
BKR,Baker Hughes,Oil & Gas Equipment & Services,"Houston, Texas"
BALL,Ball Corporation,"Metal, Glass & Plastic Containers","Broomfield, Colorado"
BAC,Bank of America,Diversified Banks,"Charlotte, North Carolina"
BAX,Baxter International,Health Care Equipment,"Deerfield, Illinois"
BDX,Becton Dickinson,Health Care Equipment,"Franklin Lakes, New Jersey"
BRK-B,Berkshire Hathaway,Multi-Sector Holdings,"Omaha, Nebraska"
BBY,Best Buy,Computer & Electronics Retail,"Richfield, Minnesota"
TECH,Bio-Techne,Life Sciences Tools & Services,"Minneapolis, Minnesota"
BIIB,Biogen,Biotechnology,"Cambridge, Massachusetts"
BLK,BlackRock,Asset Management & Custody Banks,"New York City, New York"
BX,Blackstone Inc.,Asset Management & Custody Banks,"New York City, New York"
BK,BNY Mellon,Asset Management & Custody Banks,"New York City, New York"
BA,Boeing,Aerospace & Defense,"Arlington, Virginia"
BKNG,Booking Holdings,"Hotels, Resorts & Cruise Lines","Norwalk, Connecticut"
BSX,Boston Scientific,Health Care Equipment,"Marlborough, Massachusetts"
BMY,Bristol Myers Squibb,Pharmaceuticals,"New York City, New York"
AVGO,Broadcom,Semiconductors,"Palo Alto, California"
BR,Broadridge Financial Solutions,Data Processing & Outsourced Services,"Lake Success, New York"
BRO,Brown & Brown,Insurance Brokers,"Daytona Beach, Florida"
BF-B,Brown–Forman,Distillers & Vintners,"Louisville, Kentucky"
BLDR,Builders FirstSource,Building Products,"Irving, Texas"
BG,Bunge Global,Agricultural Products & Services,"Chesterfield, Missouri"
BXP,"BXP, Inc.",Office REITs,"Boston, Massachusetts"
CHRW,C.H. Robinson,Air Freight & Logistics,"Eden Prairie, Minnesota"
CDNS,Cadence Design Systems,Application Software,"San Jose, California"
CZR,Caesars Entertainment,Casinos & Gaming,"Reno, Nevada"
CPT,Camden Property Trust,Multi-Family Residential REITs,"Houston, Texas"
CPB,Campbell's Company (The),Packaged Foods & Meats,"Camden, New Jersey"
COF,Capital One,Consumer Finance,"Tysons Corner, Virginia"
CAH,Cardinal Health,Health Care Distributors,"Dublin, Ohio"
KMX,CarMax,Automotive Retail,"Richmond, Virginia"
CCL,Carnival,"Hotels, Resorts & Cruise Lines","Miami, Florida"
CARR,Carrier Global,Building Products,"Palm Beach Gardens, Florida"
CAT,Caterpillar Inc.,Construction Machinery & Heavy Transportation Equipment,"Irving, Texas"
CBOE,Cboe Global Markets,Financial Exchanges & Data,"Chicago, Illinois"
CBRE,CBRE Group,Real Estate Services,"Dallas, Texas"
CDW,CDW Corporation,Technology Distributors,"Vernon Hills, Illinois"
COR,Cencora,Health Care Distributors,"Conshohocken, Pennsylvania"
CNC,Centene Corporation,Managed Health Care,"St. Louis, Missouri"
CNP,CenterPoint Energy,Multi-Utilities,"Houston, Texas"
CF,CF Industries,Fertilizers & Agricultural Chemicals,"Deerfield, Illinois"
CRL,Charles River Laboratories,Life Sciences Tools & Services,"Wilmington, Massachusetts"
SCHW,Charles Schwab Corporation,Investment Banking & Brokerage,"Westlake, Texas"
CHTR,Charter Communications,Cable & Satellite,"Stamford, Connecticut"
CVX,Chevron Corporation,Integrated Oil & Gas,"San Ramon, California"
CMG,Chipotle Mexican Grill,Restaurants,"Newport Beach, California"
CB,Chubb Limited,Property & Casualty Insurance,"Zurich, Switzerland"
CHD,Church & Dwight,Household Products,"Ewing, New Jersey"
CI,Cigna,Health Care Services,"Bloomfield, Connecticut"
CINF,Cincinnati Financial,Property & Casualty Insurance,"Fairfield, Ohio"
CTAS,Cintas,Diversified Support Services,"Mason, Ohio"
CSCO,Cisco,Communications Equipment,"San Jose, California"
C,Citigroup,Diversified Banks,"New York City, New York"
CFG,Citizens Financial Group,Regional Banks,"Providence, Rhode Island"
CLX,Clorox,Household Products,"Oakland, California"
CME,CME Group,Financial Exchanges & Data,"Chicago, Illinois"
CMS,CMS Energy,Multi-Utilities,"Jackson, Michigan"
KO,Coca-Cola Company (The),Soft Drinks & Non-alcoholic Beverages,"Atlanta, Georgia"
CTSH,Cognizant,IT Consulting & Other Services,"Teaneck, New Jersey"
CL,Colgate-Palmolive,Household Products,"New York City, New York"
CMCSA,Comcast,Cable & Satellite,"Philadelphia, Pennsylvania"
CAG,Conagra Brands,Packaged Foods & Meats,"Chicago, Illinois"
COP,ConocoPhillips,Oil & Gas Exploration & Production,"Houston, Texas"
ED,Consolidated Edison,Multi-Utilities,"New York City, New York"
STZ,Constellation Brands,Distillers & Vintners,"Rochester, New York"
CEG,Constellation Energy,Electric Utilities,"Baltimore, Maryland"
COO,Cooper Companies (The),Health Care Supplies,"San Ramon, California"
CPRT,Copart,Diversified Support Services,"Dallas, Texas"
GLW,Corning Inc.,Electronic Components,"Corning, New York"
CPAY,Corpay,Transaction & Payment Processing Services,"Atlanta, Georgia"
CTVA,Corteva,Fertilizers & Agricultural Chemicals,"Indianapolis, Indiana"
CSGP,CoStar Group,Real Estate Services,"Washington, D.C."
COST,Costco,Consumer Staples Merchandise Retail,"Issaquah, Washington"
CTRA,Coterra,Oil & Gas Exploration & Production,"Houston, Texas"
CRWD,CrowdStrike,Systems Software,"Austin, Texas"
CCI,Crown Castle,Telecom Tower REITs,"Houston, Texas"
CSX,CSX Corporation,Rail Transportation,"Jacksonville, Florida"
CMI,Cummins,Construction Machinery & Heavy Transportation Equipment,"Columbus, Indiana"
CVS,CVS Health,Health Care Services,"Woonsocket, Rhode Island"
DHR,Danaher Corporation,Life Sciences Tools & Services,"Washington, D.C."
DRI,Darden Restaurants,Restaurants,"Orlando, Florida"
DVA,DaVita,Health Care Services,"Denver, Colorado"
DAY,Dayforce,Human Resource & Employment Services,"Minneapolis, Minnesota"
DECK,Deckers Brands,Footwear,"Goleta, California"
DE,Deere & Company,Agricultural & Farm Machinery,"Moline, Illinois"
DELL,Dell Technologies,"Technology Hardware, Storage & Peripherals","Round Rock, Texas"
DAL,Delta Air Lines,Passenger Airlines,"Atlanta, Georgia"
DVN,Devon Energy,Oil & Gas Exploration & Production,"Oklahoma City, Oklahoma"
DXCM,Dexcom,Health Care Equipment,"San Diego, California"
FANG,Diamondback Energy,Oil & Gas Exploration & Production,"Midland, Texas"
DLR,Digital Realty,Data Center REITs,"Austin, Texas"
DFS,Discover Financial,Consumer Finance,"Riverwoods, Illinois"
DG,Dollar General,Consumer Staples Merchandise Retail,"Goodlettsville, Tennessee"
DLTR,Dollar Tree,Consumer Staples Merchandise Retail,"Chesapeake, Virginia"
D,Dominion Energy,Multi-Utilities,"Richmond, Virginia"
DPZ,Domino's,Restaurants,"Ann Arbor, Michigan"
DASH,DoorDash,Specialized Consumer Services,"San Francisco, California"
DOV,Dover Corporation,Industrial Machinery & Supplies & Components,"Downers Grove, Illinois"
DOW,Dow Inc.,Commodity Chemicals,"Midland, Michigan"
DHI,D. R. Horton,Homebuilding,"Arlington, Texas"
DTE,DTE Energy,Multi-Utilities,"Detroit, Michigan"
DUK,Duke Energy,Electric Utilities,"Charlotte, North Carolina"
DD,DuPont,Specialty Chemicals,"Wilmington, Delaware"
EMN,Eastman Chemical Company,Specialty Chemicals,"Kingsport, Tennessee"
ETN,Eaton Corporation,Electrical Components & Equipment,"Dublin, Ireland"
EBAY,eBay Inc.,Broadline Retail,"San Jose, California"
ECL,Ecolab,Specialty Chemicals,"Saint Paul, Minnesota"
EIX,Edison International,Electric Utilities,"Rosemead, California"
EW,Edwards Lifesciences,Health Care Equipment,"Irvine, California"
EA,Electronic Arts,Interactive Home Entertainment,"Redwood City, California"
ELV,Elevance Health,Managed Health Care,"Indianapolis, Indiana"
EMR,Emerson Electric,Electrical Components & Equipment,"Ferguson, Missouri"
ENPH,Enphase Energy,Semiconductor Materials & Equipment,"Fremont, California"
ETR,Entergy,Electric Utilities,"New Orleans, Louisiana"
EOG,EOG Resources,Oil & Gas Exploration & Production,"Houston, Texas"
EPAM,EPAM Systems,IT Consulting & Other Services,"Newtown, Pennsylvania"
EQT,EQT Corporation,Oil & Gas Exploration & Production,"Pittsburgh, Pennsylvania"
EFX,Equifax,Research & Consulting Services,"Atlanta, Georgia"
EQIX,Equinix,Data Center REITs,"Redwood City, California"
EQR,Equity Residential,Multi-Family Residential REITs,"Chicago, Illinois"
ERIE,Erie Indemnity,Insurance Brokers,"Erie, Pennsylvania"
ESS,Essex Property Trust,Multi-Family Residential REITs,"San Mateo, California"
EL,Estée Lauder Companies (The),Personal Care Products,"New York City, New York"
EG,Everest Group,Reinsurance,"Hamilton, Bermuda"
EVRG,Evergy,Electric Utilities,"Kansas City, Missouri"
ES,Eversource Energy,Electric Utilities,"Hartford, Connecticut"
EXC,Exelon,Electric Utilities,"Chicago, Illinois"
EXE,Expand Energy,Oil & Gas Exploration & Production,"Oklahoma City, Oklahoma"
EXPE,Expedia Group,"Hotels, Resorts & Cruise Lines","Seattle, Washington"
EXPD,Expeditors International,Air Freight & Logistics,"Seattle, Washington"
EXR,Extra Space Storage,Self-Storage REITs,"Salt Lake City, Utah"
XOM,ExxonMobil,Integrated Oil & Gas,"Irving, Texas"
FFIV,"F5, Inc.",Communications Equipment,"Seattle, Washington"
FDS,FactSet,Financial Exchanges & Data,"Norwalk, Connecticut"
FICO,Fair Isaac,Application Software,"Bozeman, Montana"
FAST,Fastenal,Trading Companies & Distributors,"Winona, Minnesota"
FRT,Federal Realty Investment Trust,Retail REITs,"Rockville, Maryland"
FDX,FedEx,Air Freight & Logistics,"Memphis, Tennessee"
FIS,Fidelity National Information Services,Transaction & Payment Processing Services,"Jacksonville, Florida"
FITB,Fifth Third Bancorp,Regional Banks,"Cincinnati, Ohio"
FSLR,First Solar,Semiconductors,"Tempe, Arizona"
FE,FirstEnergy,Electric Utilities,"Akron, Ohio"
FI,Fiserv,Transaction & Payment Processing Services,"Brookfield, Wisconsin"
F,Ford Motor Company,Automobile Manufacturers,"Dearborn, Michigan"
FTNT,Fortinet,Systems Software,"Sunnyvale, California"
FTV,Fortive,Industrial Machinery & Supplies & Components,"Everett, Washington"
FOXA,Fox Corporation (Class A),Broadcasting,"New York City, New York"
FOX,Fox Corporation (Class B),Broadcasting,"New York City, New York"
BEN,Franklin Resources,Asset Management & Custody Banks,"San Mateo, California"
FCX,Freeport-McMoRan,Copper,"Phoenix, Arizona"
GRMN,Garmin,Consumer Electronics,"Schaffhausen, Switzerland"
IT,Gartner,IT Consulting & Other Services,"Stamford, Connecticut"
GE,GE Aerospace,Aerospace & Defense,"Evendale, Ohio"
GEHC,GE HealthCare,Health Care Equipment,"Chicago, Illinois"
GEV,GE Vernova,Heavy Electrical Equipment,"Cambridge, Massachusetts"
GEN,Gen Digital,Systems Software,"Tempe, Arizona"
GNRC,Generac,Electrical Components & Equipment,"Waukesha, Wisconsin"
GD,General Dynamics,Aerospace & Defense,"Falls Church, Virginia"
GIS,General Mills,Packaged Foods & Meats,"Golden Valley, Minnesota"
GM,General Motors,Automobile Manufacturers,"Detroit, Michigan"
GPC,Genuine Parts Company,Distributors,"Atlanta, Georgia"
GILD,Gilead Sciences,Biotechnology,"Foster City, California"
GPN,Global Payments,Transaction & Payment Processing Services,"Atlanta, Georgia"
GL,Globe Life,Life & Health Insurance,"McKinney, Texas"
GDDY,GoDaddy,Internet Services & Infrastructure,"Tempe, Arizona"
GS,Goldman Sachs,Investment Banking & Brokerage,"New York City, New York"
HAL,Halliburton,Oil & Gas Equipment & Services,"Houston, Texas"
HIG,Hartford (The),Property & Casualty Insurance,"Hartford, Connecticut"
HAS,Hasbro,Leisure Products,"Pawtucket, Rhode Island"
HCA,HCA Healthcare,Health Care Facilities,"Nashville, Tennessee"
DOC,Healthpeak Properties,Health Care REITs,"Denver, Colorado"
HSIC,Henry Schein,Health Care Distributors,"Melville, New York"
HSY,Hershey Company (The),Packaged Foods & Meats,"Hershey, Pennsylvania"
HES,Hess Corporation,Integrated Oil & Gas,"New York City, New York"
HPE,Hewlett Packard Enterprise,"Technology Hardware, Storage & Peripherals","Houston, Texas"
HLT,Hilton Worldwide,"Hotels, Resorts & Cruise Lines","Tysons Corner, Virginia"
HOLX,Hologic,Health Care Equipment,"Marlborough, Massachusetts"
HD,Home Depot (The),Home Improvement Retail,"Atlanta, Georgia"
HON,Honeywell,Industrial Conglomerates,"Charlotte, North Carolina"
HRL,Hormel Foods,Packaged Foods & Meats,"Austin, Minnesota"
HST,Host Hotels & Resorts,Hotel & Resort REITs,"Bethesda, Maryland"
HWM,Howmet Aerospace,Aerospace & Defense,"Pittsburgh, Pennsylvania"
HPQ,HP Inc.,"Technology Hardware, Storage & Peripherals","Palo Alto, California"
HUBB,Hubbell Incorporated,Industrial Machinery & Supplies & Components,"Shelton, Connecticut"
HUM,Humana,Managed Health Care,"Louisville, Kentucky"
HBAN,Huntington Bancshares,Regional Banks,"Columbus, Ohio; Detroit, Michigan"
HII,Huntington Ingalls Industries,Aerospace & Defense,"Newport News, Virginia"
IBM,IBM,IT Consulting & Other Services,"Armonk, New York"
IEX,IDEX Corporation,Industrial Machinery & Supplies & Components,"Lake Forest, Illinois"
IDXX,Idexx Laboratories,Health Care Equipment,"Westbrook, Maine"
ITW,Illinois Tool Works,Industrial Machinery & Supplies & Components,"Glenview, Illinois"
INCY,Incyte,Biotechnology,"Wilmington, Delaware"
IR,Ingersoll Rand,Industrial Machinery & Supplies & Components,"Davidson, North Carolina"
PODD,Insulet Corporation,Health Care Equipment,"Acton, Massachusetts"
INTC,Intel,Semiconductors,"Santa Clara, California"
ICE,Intercontinental Exchange,Financial Exchanges & Data,"Atlanta, Georgia"
IFF,International Flavors & Fragrances,Specialty Chemicals,"New York City, New York"
IP,International Paper,Paper & Plastic Packaging Products & Materials,"Memphis, Tennessee"
IPG,Interpublic Group of Companies (The),Advertising,"New York City, New York"
INTU,Intuit,Application Software,"Mountain View, California"
ISRG,Intuitive Surgical,Health Care Equipment,"Sunnyvale, California"
IVZ,Invesco,Asset Management & Custody Banks,"Atlanta, Georgia"
INVH,Invitation Homes,Single-Family Residential REITs,"Dallas, Texas"
IQV,IQVIA,Life Sciences Tools & Services,"Durham, North Carolina"
IRM,Iron Mountain,Other Specialized REITs,"Boston, Massachusetts"
JBHT,J.B. Hunt,Cargo Ground Transportation,"Lowell, Arkansas"
JBL,Jabil,Electronic Manufacturing Services,"St. Petersburg, Florida"
JKHY,Jack Henry & Associates,Transaction & Payment Processing Services,"Monett, Missouri"
J,Jacobs Solutions,Construction & Engineering,"Dallas, Texas"
JNJ,Johnson & Johnson,Pharmaceuticals,"New Brunswick, New Jersey"
JCI,Johnson Controls,Building Products,"Cork, Ireland"
JPM,JPMorgan Chase,Diversified Banks,"New York City, New York"
JNPR,Juniper Networks,Communications Equipment,"Sunnyvale, California"
K,Kellanova,Packaged Foods & Meats,"Chicago, Illinois"
KVUE,Kenvue,Personal Care Products,"Skillman, New Jersey"
KDP,Keurig Dr Pepper,Soft Drinks & Non-alcoholic Beverages,"Burlington, Massachusetts"
KEY,KeyCorp,Regional Banks,"Cleveland, Ohio"
KEYS,Keysight Technologies,Electronic Equipment & Instruments,"Santa Rosa, California"
KMB,Kimberly-Clark,Household Products,"Irving, Texas"
KIM,Kimco Realty,Retail REITs,"Jericho, New York"
KMI,Kinder Morgan,Oil & Gas Storage & Transportation,"Houston, Texas"
KKR,KKR & Co.,Asset Management & Custody Banks,"New York City, New York"
KLAC,KLA Corporation,Semiconductor Materials & Equipment,"Milpitas, California"
KHC,Kraft Heinz,Packaged Foods & Meats,"Chicago, Illinois; Pittsburgh, Pennsylvania"
KR,Kroger,Food Retail,"Cincinnati, Ohio"
LHX,L3Harris,Aerospace & Defense,"Melbourne, Florida"
LH,Labcorp,Health Care Services,"Burlington, North Carolina"
LRCX,Lam Research,Semiconductor Materials & Equipment,"Fremont, California"
LW,Lamb Weston,Packaged Foods & Meats,"Eagle, Idaho"
LVS,Las Vegas Sands,Casinos & Gaming,"Las Vegas, Nevada"
LDOS,Leidos,Diversified Support Services,"Reston, Virginia"
LEN,Lennar,Homebuilding,"Miami, Florida"
LII,Lennox International,Building Products,"Richardson, Texas"
LLY,Lilly (Eli),Pharmaceuticals,"Indianapolis, Indiana"
LIN,Linde plc,Industrial Gases,"Guildford, United Kingdom"
LYV,Live Nation Entertainment,Movies & Entertainment,"Beverly Hills, California"
LKQ,LKQ Corporation,Distributors,"Chicago, Illinois"
LMT,Lockheed Martin,Aerospace & Defense,"Bethesda, Maryland"
L,Loews Corporation,Multi-line Insurance,"New York City, New York"
LOW,Lowe's,Home Improvement Retail,"Mooresville, North Carolina"
LULU,Lululemon Athletica,"Apparel, Accessories & Luxury Goods","Vancouver, Canada"
LYB,LyondellBasell,Specialty Chemicals,"Rotterdam, Netherlands"
MTB,M&T Bank,Regional Banks,"Buffalo, New York"
MPC,Marathon Petroleum,Oil & Gas Refining & Marketing,"Findlay, Ohio"
MKTX,MarketAxess,Financial Exchanges & Data,"New York City, New York"
MAR,Marriott International,"Hotels, Resorts & Cruise Lines","Bethesda, Maryland"
MMC,Marsh McLennan,Insurance Brokers,"New York City, New York"
MLM,Martin Marietta Materials,Construction Materials,"Raleigh, North Carolina"
MAS,Masco,Building Products,"Livonia, Michigan"
MA,Mastercard,Transaction & Payment Processing Services,"Harrison, New York"
MTCH,Match Group,Interactive Media & Services,"Dallas, Texas"
MKC,McCormick & Company,Packaged Foods & Meats,"Hunt Valley, Maryland"
MCD,McDonald's,Restaurants,"Chicago, Illinois"
MCK,McKesson Corporation,Health Care Distributors,"Irving, Texas"
MDT,Medtronic,Health Care Equipment,"Dublin, Ireland"
MRK,Merck & Co.,Pharmaceuticals,"Kenilworth, New Jersey"
META,Meta Platforms,Interactive Media & Services,"Menlo Park, California"
MET,MetLife,Life & Health Insurance,"New York City, New York"
MTD,Mettler Toledo,Life Sciences Tools & Services,"Columbus, Ohio"
MGM,MGM Resorts,Casinos & Gaming,"Paradise, Nevada"
MCHP,Microchip Technology,Semiconductors,"Chandler, Arizona"
MU,Micron Technology,Semiconductors,"Boise, Idaho"
MSFT,Microsoft,Systems Software,"Redmond, Washington"
MAA,Mid-America Apartment Communities,Multi-Family Residential REITs,"Memphis, Tennessee"
MRNA,Moderna,Biotechnology,"Cambridge, Massachusetts"
MHK,Mohawk Industries,Home Furnishings,"Calhoun, Georgia"
MOH,Molina Healthcare,Managed Health Care,"Long Beach, California"
TAP,Molson Coors Beverage Company,Brewers,"Chicago, Illinois"
MDLZ,Mondelez International,Packaged Foods & Meats,"Chicago, Illinois"
MPWR,Monolithic Power Systems,Semiconductors,"Kirkland, Washington"
MNST,Monster Beverage,Soft Drinks & Non-alcoholic Beverages,"Corona, California"
MCO,Moody's Corporation,Financial Exchanges & Data,"New York City, New York"
MS,Morgan Stanley,Investment Banking & Brokerage,"New York City, New York"
MOS,Mosaic Company (The),Fertilizers & Agricultural Chemicals,"Tampa, Florida"
MSI,Motorola Solutions,Communications Equipment,"Chicago, Illinois"
MSCI,MSCI Inc.,Financial Exchanges & Data,"New York City, New York"
NDAQ,"Nasdaq, Inc.",Financial Exchanges & Data,"New York City, New York"
NTAP,NetApp,"Technology Hardware, Storage & Peripherals","San Jose, California"
NFLX,Netflix,Movies & Entertainment,"Los Gatos, California"
NEM,Newmont,Gold,"Denver, Colorado"
NWSA,News Corp (Class A),Publishing,"New York City, New York"
NWS,News Corp (Class B),Publishing,"New York City, New York"
NEE,NextEra Energy,Multi-Utilities,"Juno Beach, Florida"
NKE,"Nike, Inc.","Apparel, Accessories & Luxury Goods","Washington County, Oregon"
NI,NiSource,Multi-Utilities,"Merrillville, Indiana"
NDSN,Nordson Corporation,Industrial Machinery & Supplies & Components,"Westlake, Ohio"
NSC,Norfolk Southern,Rail Transportation,"Atlanta, Georgia"
NTRS,Northern Trust,Asset Management & Custody Banks,"Chicago, Illinois"
NOC,Northrop Grumman,Aerospace & Defense,"West Falls Church, Virginia"
NCLH,Norwegian Cruise Line Holdings,"Hotels, Resorts & Cruise Lines","Miami, Florida"
NRG,NRG Energy,Independent Power Producers & Energy Traders,"Houston, Texas"
NUE,Nucor,Steel,"Charlotte, North Carolina"
NVDA,Nvidia,Semiconductors,"Santa Clara, California"
NVR,"NVR, Inc.",Homebuilding,"Reston, Virginia"
NXPI,NXP Semiconductors,Semiconductors,"Eindhoven, Netherlands"
ORLY,O’Reilly Automotive,Automotive Retail,"Springfield, Missouri"
OXY,Occidental Petroleum,Oil & Gas Exploration & Production,"Houston, Texas"
ODFL,Old Dominion,Cargo Ground Transportation,"Thomasville, North Carolina"
OMC,Omnicom Group,Advertising,"New York City, New York"
ON,ON Semiconductor,Semiconductors,"Phoenix, Arizona"
OKE,Oneok,Oil & Gas Storage & Transportation,"Tulsa, Oklahoma"
ORCL,Oracle Corporation,Application Software,"Austin, Texas"
OTIS,Otis Worldwide,Industrial Machinery & Supplies & Components,"Farmington, Connecticut"
PCAR,Paccar,Construction Machinery & Heavy Transportation Equipment,"Bellevue, Washington"
PKG,Packaging Corporation of America,Paper & Plastic Packaging Products & Materials,"Lake Forest, Illinois"
PLTR,Palantir Technologies,Application Software,"Denver, Colorado"
PANW,Palo Alto Networks,Systems Software,"Santa Clara, California"
PARA,Paramount Global,Movies & Entertainment,"New York City, New York"
PH,Parker Hannifin,Industrial Machinery & Supplies & Components,"Cleveland, Ohio"
PAYX,Paychex,Human Resource & Employment Services,"Penfield, New York"
PAYC,Paycom,Human Resource & Employment Services,"Oklahoma City, Oklahoma"
PYPL,PayPal,Transaction & Payment Processing Services,"San Jose, California"
PNR,Pentair,Industrial Machinery & Supplies & Components,"Worsley, United Kingdom"
PEP,PepsiCo,Soft Drinks & Non-alcoholic Beverages,"Purchase, New York"
PFE,Pfizer,Pharmaceuticals,"New York City, New York"
PCG,PG&E Corporation,Multi-Utilities,"Oakland, California"
PM,Philip Morris International,Tobacco,"New York City, New York"
PSX,Phillips 66,Oil & Gas Refining & Marketing,"Houston, Texas"
PNW,Pinnacle West Capital,Multi-Utilities,"Phoenix, Arizona"
PNC,PNC Financial Services,Diversified Banks,"Pittsburgh, Pennsylvania"
POOL,Pool Corporation,Distributors,"Covington, Louisiana"
PPG,PPG Industries,Specialty Chemicals,"Pittsburgh, Pennsylvania"
PPL,PPL Corporation,Electric Utilities,"Allentown, Pennsylvania"
PFG,Principal Financial Group,Life & Health Insurance,"Des Moines, Iowa"
PG,Procter & Gamble,Personal Care Products,"Cincinnati, Ohio"
PGR,Progressive Corporation,Property & Casualty Insurance,"Mayfield Village, Ohio"
PLD,Prologis,Industrial REITs,"San Francisco, California"
PRU,Prudential Financial,Life & Health Insurance,"Newark, New Jersey"
PEG,Public Service Enterprise Group,Electric Utilities,"Newark, New Jersey"
PTC,PTC Inc.,Application Software,"Boston, Massachusetts"
PSA,Public Storage,Self-Storage REITs,"Glendale, California"
PHM,PulteGroup,Homebuilding,"Atlanta, Georgia"
PWR,Quanta Services,Construction & Engineering,"Houston, Texas"
QCOM,Qualcomm,Semiconductors,"San Diego, California"
DGX,Quest Diagnostics,Health Care Services,"Secaucus, New Jersey"
RL,Ralph Lauren Corporation,"Apparel, Accessories & Luxury Goods","New York City, New York"
RJF,Raymond James Financial,Investment Banking & Brokerage,"St. Petersburg, Florida"
RTX,RTX Corporation,Aerospace & Defense,"Waltham, Massachusetts"
O,Realty Income,Retail REITs,"San Diego, California"
REG,Regency Centers,Retail REITs,"Jacksonville, Florida"
REGN,Regeneron Pharmaceuticals,Biotechnology,"Tarrytown, New York"
RF,Regions Financial Corporation,Regional Banks,"Birmingham, Alabama"
RSG,Republic Services,Environmental & Facilities Services,"Phoenix, Arizona"
RMD,ResMed,Health Care Equipment,"San Diego, California"
RVTY,Revvity,Health Care Equipment,"Waltham, Massachusetts"
ROK,Rockwell Automation,Electrical Components & Equipment,"Milwaukee, Wisconsin"
ROL,"Rollins, Inc.",Environmental & Facilities Services,"Atlanta, Georgia"
ROP,Roper Technologies,Electronic Equipment & Instruments,"Sarasota, Florida"
ROST,Ross Stores,Apparel Retail,"Dublin, California"
RCL,Royal Caribbean Group,"Hotels, Resorts & Cruise Lines","Miami, Florida"
SPGI,S&P Global,Financial Exchanges & Data,"New York City, New York"
CRM,Salesforce,Application Software,"San Francisco, California"
SBAC,SBA Communications,Telecom Tower REITs,"Boca Raton, Florida"
SLB,Schlumberger,Oil & Gas Equipment & Services,"Houston, Texas"
STX,Seagate Technology,"Technology Hardware, Storage & Peripherals","Dublin, Ireland"
SRE,Sempra,Multi-Utilities,"San Diego, California"
NOW,ServiceNow,Systems Software,"Santa Clara, California"
SHW,Sherwin-Williams,Specialty Chemicals,"Cleveland, Ohio"
SPG,Simon Property Group,Retail REITs,"Indianapolis, Indiana"
SWKS,Skyworks Solutions,Semiconductors,"Irvine, California"
SJM,J.M. Smucker Company (The),Packaged Foods & Meats,"Orrville, Ohio"
SW,Smurfit Westrock,Paper & Plastic Packaging Products & Materials,"Dublin, Ireland"
SNA,Snap-on,Industrial Machinery & Supplies & Components,"Kenosha, Wisconsin"
SOLV,Solventum,Health Care Technology,"Saint Paul, Minnesota"
SO,Southern Company,Electric Utilities,"Atlanta, Georgia"
LUV,Southwest Airlines,Passenger Airlines,"Dallas, Texas"
SWK,Stanley Black & Decker,Industrial Machinery & Supplies & Components,"New Britain, Connecticut"
SBUX,Starbucks,Restaurants,"Seattle, Washington"
STT,State Street Corporation,Asset Management & Custody Banks,"Boston, Massachusetts"
STLD,Steel Dynamics,Steel,"Fort Wayne, Indiana"
STE,Steris,Health Care Equipment,"Dublin, Ireland"
SYK,Stryker Corporation,Health Care Equipment,"Kalamazoo, Michigan"
SMCI,Supermicro,"Technology Hardware, Storage & Peripherals","San Jose, California"
SYF,Synchrony Financial,Consumer Finance,"Stamford, Connecticut"
SNPS,Synopsys,Application Software,"Sunnyvale, California"
SYY,Sysco,Food Distributors,"Houston, Texas"
TMUS,T-Mobile US,Wireless Telecommunication Services,"Bellevue, Washington"
TROW,T. Rowe Price,Asset Management & Custody Banks,"Baltimore, Maryland"
TTWO,Take-Two Interactive,Interactive Home Entertainment,"New York City, New York"
TPR,"Tapestry, Inc.","Apparel, Accessories & Luxury Goods","New York City, New York"
TRGP,Targa Resources,Oil & Gas Storage & Transportation,"Houston, Texas"
TGT,Target Corporation,Consumer Staples Merchandise Retail,"Minneapolis, Minnesota"
TEL,TE Connectivity,Electronic Manufacturing Services,"Galway, Ireland"
TDY,Teledyne Technologies,Electronic Equipment & Instruments,"Thousand Oaks, California"
TER,Teradyne,Semiconductor Materials & Equipment,"North Reading, Massachusetts"
TSLA,"Tesla, Inc.",Automobile Manufacturers,"Austin, Texas"
TXN,Texas Instruments,Semiconductors,"Dallas, Texas"
TPL,Texas Pacific Land Corporation,Oil & Gas Exploration & Production,"Dallas, Texas"
TXT,Textron,Aerospace & Defense,"Providence, Rhode Island"
TMO,Thermo Fisher Scientific,Life Sciences Tools & Services,"Waltham, Massachusetts"
TJX,TJX Companies,Apparel Retail,"Framingham, Massachusetts"
TKO,TKO Group Holdings,Movies & Entertainment,"New York City, New York"
TSCO,Tractor Supply,Other Specialty Retail,"Brentwood, Tennessee"
TT,Trane Technologies,Building Products,"Dublin, Ireland"
TDG,TransDigm Group,Aerospace & Defense,"Cleveland, Ohio"
TRV,Travelers Companies (The),Property & Casualty Insurance,"New York City, New York"
TRMB,Trimble Inc.,Electronic Equipment & Instruments,"Westminster, Colorado"
TFC,Truist Financial,Diversified Banks,"Charlotte, North Carolina"
TYL,Tyler Technologies,Application Software,"Plano, Texas"
TSN,Tyson Foods,Packaged Foods & Meats,"Springdale, Arkansas"
USB,U.S. Bancorp,Diversified Banks,"Minneapolis, Minnesota"
UBER,Uber,Passenger Ground Transportation,"San Francisco, California"
UDR,"UDR, Inc.",Multi-Family Residential REITs,"Highlands Ranch, Colorado"
ULTA,Ulta Beauty,Other Specialty Retail,"Bolingbrook, Illinois"
UNP,Union Pacific Corporation,Rail Transportation,"Omaha, Nebraska"
UAL,United Airlines Holdings,Passenger Airlines,"Chicago, Illinois"
UPS,United Parcel Service,Air Freight & Logistics,"Sandy Springs, Georgia"
URI,United Rentals,Trading Companies & Distributors,"Stamford, Connecticut"
UNH,UnitedHealth Group,Managed Health Care,"Minnetonka, Minnesota"
UHS,Universal Health Services,Health Care Facilities,"King of Prussia, Pennsylvania"
VLO,Valero Energy,Oil & Gas Refining & Marketing,"San Antonio, Texas"
VTR,Ventas,Health Care REITs,"Chicago, Illinois"
VLTO,Veralto,Environmental & Facilities Services,"Waltham, Massachusetts"
VRSN,Verisign,Internet Services & Infrastructure,"Dulles, Virginia"
VRSK,Verisk Analytics,Research & Consulting Services,"Jersey City, New Jersey"
VZ,Verizon,Integrated Telecommunication Services,"New York City, New York"
VRTX,Vertex Pharmaceuticals,Biotechnology,"Boston, Massachusetts"
VTRS,Viatris,Pharmaceuticals,"Pittsburgh, Pennsylvania"
VICI,Vici Properties,Hotel & Resort REITs,"New York City, New York"
V,Visa Inc.,Transaction & Payment Processing Services,"San Francisco, California"
VST,Vistra Corp.,Electric Utilities,"Irving, Texas"
VMC,Vulcan Materials Company,Construction Materials,"Birmingham, Alabama"
WRB,W. R. Berkley Corporation,Property & Casualty Insurance,"Greenwich, Connecticut"
GWW,W. W. Grainger,Industrial Machinery & Supplies & Components,"Lake Forest, Illinois"
WAB,Wabtec,Construction Machinery & Heavy Transportation Equipment,"Pittsburgh, Pennsylvania"
WBA,Walgreens Boots Alliance,Drug Retail,"Deerfield, Illinois"
WMT,Walmart,Consumer Staples Merchandise Retail,"Bentonville, Arkansas"
DIS,Walt Disney Company (The),Movies & Entertainment,"Burbank, California"
WBD,Warner Bros. Discovery,Broadcasting,"New York City, New York"
WM,Waste Management,Environmental & Facilities Services,"Houston, Texas"
WAT,Waters Corporation,Life Sciences Tools & Services,"Milford, Massachusetts"
WEC,WEC Energy Group,Electric Utilities,"Milwaukee, Wisconsin"
WFC,Wells Fargo,Diversified Banks,"San Francisco, California"
WELL,Welltower,Health Care REITs,"Toledo, Ohio"
WST,West Pharmaceutical Services,Health Care Supplies,"Exton, Pennsylvania"
WDC,Western Digital,"Technology Hardware, Storage & Peripherals","San Jose, California"
WY,Weyerhaeuser,Timber REITs,"Seattle, Washington"
WSM,"Williams-Sonoma, Inc.",Homefurnishing Retail,"San Francisco, California"
WMB,Williams Companies,Oil & Gas Storage & Transportation,"Tulsa, Oklahoma"
WTW,Willis Towers Watson,Insurance Brokers,"London, United Kingdom"
WDAY,"Workday, Inc.",Application Software,"Pleasanton, California"
WYNN,Wynn Resorts,Casinos & Gaming,"Paradise, Nevada"
XEL,Xcel Energy,Multi-Utilities,"Minneapolis, Minnesota"
XYL,Xylem Inc.,Industrial Machinery & Supplies & Components,"White Plains, New York"
YUM,Yum! Brands,Restaurants,"Louisville, Kentucky"
ZBRA,Zebra Technologies,Electronic Equipment & Instruments,"Lincolnshire, Illinois"
ZBH,Zimmer Biomet,Health Care Equipment,"Warsaw, Indiana"
ZTS,Zoetis,Pharmaceuticals,"Parsippany, New Jersey"
